Sub_ID,Sub_Password,Phone,Email,Full Name,Country
S001,afdU4t95nQ,(947)556-4565 x429,Aida_OConner@bernard.ca,Miss Al Hills,French Polynesia
S002,vmiJoWE8Qz,1-529-776-1430,Archibald_Carroll@santiago.me,Claudine Renner,Chile
S003,KZ22Io2K,1-012-234-1176 x30526,Danika@bart.net,Mrs. Arnold Fadel,Panama
S004,OdNyzY,(270)162-5452 x202,Eleanora@josephine.us,Clement Fisher MD,Denmark
S005,0qdSmc6M9wSS,1-042-962-5709,Eric@tate.biz,Justyn Gleichner V,Lesotho
S006,JNkv6OEKJWfJ,(734)544-6259 x6710,Gwendolyn.Ratke@cheyanne.org,Joesph Emmerich,Bulgaria
S007,6azyeLwB0,1-964-146-5737 x212,Joanny@nayeli.info,Lucious Jast,Portugal
S008,qFMBzW,829-083-9396,Stacy@virginia.biz,Corene Reichert,Suriname
S009,fb4chBnj,388-982-8981 x6574,Abigayle_Kuhic@maddison.io,Elian Murray,Guinea-Bissau
S010,8Cbu0v7ZY,1-394-923-9212 x3666,Brooke@river.me,Adolf Anderson,Djibouti
S011,AQJAEU74uCD,1-519-514-0542 x824,Amari_Wunsch@delia.net,Aliza Reinger,Japan
S012,3Z1CkVXAVt,(918)235-6573 x7697,Dangelo@lucinda.org,Eloise Lubowitz,Bolivia
S013,Y6oeQ7Nu3FNk,1-757-532-0991 x3341,Finn.Beier@reyna.org,Burnice Wiegand IV,El Salvador
S014,G6LHdyYw,594.296.5676 x0209,Elvis.Prohaska@griffin.io,Nichole Bednar,Yemen
S015,9EwrKNueg,637-891-1363 x04077,Lempi_Frami@annetta.info,Ryan Torp,Honduras
S016,GgzO7t3gv6q,1-526-191-6020 x235,Delilah.Ziemann@cristopher.info,Miss Jalon Keebler,Solomon Islands
S017,eeqz3k7mk3,756.928.5032,Astrid@erica.io,Marguerite Hoppe,Saint Vincent and the Grenadines
S018,PC5AVl144E4,031.482.6800 x264,Palma_Labadie@uriah.tv,Colt Toy,Belarus
S019,KjDr6S,(817)098-8253,Aurelia.Nader@josefina.org,Keely Jerde,Kenya
S020,W8Ou55mfQNV,1-552-481-9747 x33815,Bradley.Dickens@eldon.info,Jace Mayert II,Albania
S021,mgL8ncMPpuI,442.357.8345 x23584,Loraine@mose.biz,Kyler Dibbert,Burundi
S022,CuA297,(189)134-8968 x9449,Einar@alf.io,Susie Hayes,Bouvet Island
S023,OwImjR,(766)556-3731,Abel.Simonis@keegan.info,Mr. Marlee Stanton,North Vietnam
S024,v2WMCML,(075)491-2771 x9041,Dayne_Windler@clifton.org,Fay Abbott,Palau
S025,bMrVcHKl06KN,056.253.0194 x862,Kristopher@jedidiah.co.uk,Anabelle Cartwright Sr.,Belarus
S026,oon14sW,1-426-855-7807 x3043,Pete.Hodkiewicz@addie.us,Marilyne Leannon V,French Polynesia
S027,SDrgKgDp,642.132.8927,Alec@tracy.us,Brenda Stamm,Ireland
S028,fAZYxdhO,(234)183-4090,Claudine_Hirthe@keeley.net,Webster Donnelly,Togo
S029,sxh7gI18UeCl,574-096-8589,Lyric_Barton@johnnie.ca,Dandre Keebler,Bouvet Island
S030,DRo6a2rZ4,1-629-318-5246,Russell_Morar@dean.ca,Mabelle Abernathy,Oman
S031,awkeKlSN1a3,(472)795-0301,Adrien.Kemmer@kelton.com,Gardner Labadie,Zambia
S032,md9yzDE8,552.255.3621,Everett.Jones@abigale.biz,Pearlie Leffler,Ecuador
S033,HOysfHGwqTm,(412)455-7535,Clarabelle_Murphy@frankie.name,Nyasia Kozey,Kiribati
S034,17uQrmG,414.062.4287,Gracie@otha.io,Delaney Balistreri,Papua New Guinea
S035,AkVOSN,(252)360-3931,Hailie@minerva.net,Frank Moen,Cocos [Keeling] Islands
S036,waCr6jwW8D,1-609-066-5046 x261,Efrain_Jones@reta.biz,Mr. Max Hodkiewicz,Saudi Arabia
S037,Rt8aKnCm5S,1-999-611-6732 x148,Matilda@nina.me,Columbus Kertzmann,Johnston Island
S038,WwdnvMW5RPD,(098)420-8774,Newton.OReilly@gabriel.org,Diamond Heathcote,Gambia
S039,M1Ac6P3,578.151.5765 x407,Georgette_Daniel@amaya.biz,Heather Howe,Belarus
S040,XEjYYyuFd,1-574-253-1906,Aileen_Kozey@keira.info,Lavon Macejkovic,Mali
S041,BOE0q2CdfauK,509-118-6840 x0612,Margie_Trantow@simeon.co.uk,Darrel Parker,United Kingdom
S042,jXnrUM9QJTI,1-714-236-5245 x61176,Makenzie@jerad.org,Jermain Lebsack,Martinique
S043,5579SGNvdX,518.053.0195,Eloisa_Crooks@elbert.ca,Jessy Friesen,Hungary
S044,vdXez0XMj,(008)472-0180,Ricardo@gillian.us,Rhett Haley,Saint Pierre and Miquelon
S045,XENSRf5m58,662-105-2581,Forrest_Leuschke@dillan.co.uk,Fritz Satterfield,Falkland Islands
S046,U5qvtJLwVv,1-282-330-8252,Jairo.Olson@francesco.co.uk,Nels Koelpin,Pitcairn Islands
S047,3gd4ukiMz,065-799-9913,Esther_Johns@arnold.com,Immanuel Baumbach,Sweden
S048,wbdApwpj82L,462.533.7437,Johnson_Homenick@jamel.us,Skyla Ruecker,Antigua and Barbuda
S049,RXc4o0g,155-468-9616 x5368,Willard_Berge@chris.com,Reymundo Bernhard,American Samoa
S050,oYcnbG9ZEams,714-784-9767 x689,Evangeline@felicia.us,Madyson Oberbrunner,Sudan
S051,AbAsQZQouD3g,1-144-387-9550 x8571,Archibald@nora.name,Aurelio Haley,Mexico
S052,o953NdGjVf,633.102.1260 x33198,Emmanuelle_Strosin@cale.net,Ms. Fredrick Wilderman,Gibraltar
S053,zxFfCmYh,794-658-8591 x001,Murray@alverta.ca,Vilma Hoeger,Dominican Republic
S054,zIOk0jcK2O,788-097-0310,Abner_Pagac@cindy.com,Tiana McClure,Seychelles
S055,fgdaadbODEIo,(907)815-9269,Jeramie@kay.info,Myrtice Schroeder,Faroe Islands
S056,arXPnG,508-787-6698 x772,Jamal.Nader@henderson.biz,Jeramie O'Conner,Fiji
S057,KkZJrSQV,754.162.2667,Edgardo.Frami@amir.ca,Mrs. Gladyce Beatty,Congo - Kinshasa
S058,J1ZSwMcP66h,609-659-7791 x04616,Stacy@cleo.com,Lonny Adams,Brunei
S059,BWc3siio,815-015-8494,Marlon.Breitenberg@elwyn.name,Lexie Schulist DVM,Grenada
S060,rIty05g,(456)205-5941 x65835,Jamel.Stehr@issac.biz,Carmela Nikolaus,Czech Republic
S061,L9t9uItP,(267)911-4029 x39712,Stephany@laverna.ca,Talon Schmitt,North Vietnam
S062,62liQut,696-534-3741 x97791,Raphael.Fritsch@kameron.us,Abby Aufderhar,United Arab Emirates
S063,IQjoyh,(144)869-7450,Maya@jasen.net,Miss Christiana Murphy,Papua New Guinea
S064,XM0nXH61Xt,342.473.4772,Chester@cleo.ca,Geraldine Cremin,Bolivia
S065,hAzmlp,495-121-6185 x095,Ned@maybell.info,Darby Bauch,Mauritius
S066,7XBDYQJOCTV,1-207-181-9388,Velda@kitty.us,Erna Zemlak,Switzerland
S067,4QXsmB9,225.929.9251,Felicita.Labadie@vivianne.biz,Cristobal Marks,Taiwan
S068,DRHGZBH,181-854-5320,Eveline@philip.org,Kariane O'Hara,North Korea
S069,fmhZai4f,1-259-410-8715 x26813,Tyrese_Waters@edna.org,Woodrow Dare,Netherlands Antilles
S070,l0f7bOPdV,1-239-870-9819 x68311,Hallie@yessenia.co.uk,Tracey Osinski,Vanuatu
S071,BXh6SgC7fZU,527.373.2665 x577,Nicholas@frida.us,Billy Kautzer,Belize
S072,6tfoAW,034-025-0491,Alexandre.Zboncak@nedra.biz,Carissa Moen,Swaziland
S073,FYGewzcJ,610.407.6912,Margarita@reyes.org,Javier D'Amore,Hong Kong SAR China
S074,SXucV4,1-234-462-8090 x49100,Jordon.Harber@santino.ca,Oran Purdy,American Samoa
S075,JMvufj7f3,732.066.1085 x174,Claudia@carrie.biz,Maximillian Spencer,Liberia
S076,IRgQKCJWZlm,(405)263-4620 x9897,Peggie.Ritchie@verlie.com,Mr. Martina Ledner,Puerto Rico
S077,3l3X8GooKcw,1-625-574-8860 x294,Allan@krystina.co.uk,Mrs. Elvie Wisozk,Dronning Maud Land
S078,EpkV4BjVhw,1-830-812-4046,Sydni_Schmeler@filiberto.net,Maurice Jaskolski,Kyrgyzstan
S079,EyyqWzOYeWLz,610-639-0365 x2000,Cesar_Powlowski@foster.co.uk,Justyn Jones,Falkland Islands
S080,vK8A9WDJtl8,1-485-271-7353 x88196,Cecilia_Schaefer@wilber.us,Enoch Skiles,Iceland
S081,i0V7nD7LyZ,1-944-594-8916 x8604,Taurean_Thompson@adan.info,Nettie Effertz,Rwanda
S082,S9Pylv,1-459-137-7689 x763,Rhea.Swaniawski@lelah.biz,Ms. Freda Hackett,Bahrain
S083,aLDxHIUqSCWx,865.609.9236 x6267,Ethelyn_VonRueden@amina.info,Aron Gulgowski,Armenia
S084,6jsZuNuO98PQ,550.951.5074 x811,Skylar_Rowe@allan.name,Kristina Koch,Saint Kitts and Nevis
S085,LbxomLrELY,946.304.7891 x43682,Marielle_Beier@ellsworth.ca,Demond Ullrich DVM,Tuvalu
S086,KqaR8Zk,274-324-1149,Denis@oleta.me,Ben Lind,Mozambique
S087,YYF1gLljtU,(962)459-1771 x3226,Esmeralda@sierra.co.uk,Jerad Welch,Swaziland
S088,zNztnfONl,(511)171-8885 x3950,Jayce@krystel.org,Graham Kiehn Jr.,Metropolitan France
S089,8t8xdKf,126.596.0609,Raina.Rolfson@rose.biz,Stone Schaden,Union of Soviet Socialist Republics
S090,3IhBrNJd7hCQ,(570)670-8166,Lenny@eugene.org,Cruz Rutherford,Gibraltar
S091,94frxDV8x,1-098-606-7664 x5060,Raheem@lupe.co.uk,Giuseppe McDermott,Nepal
S092,Cu1ICEYfBeAC,1-010-002-3907 x152,Graciela.Johnson@freeman.me,Delmer Barton,New Zealand
S093,tbfRcp,771.353.7628 x94498,Devante_Bergnaum@ruthe.io,Jacquelyn Jones,Tuvalu
S094,txmNN5,(118)088-6712 x305,Onie.Bogan@gregoria.biz,Emmet Grant,Rwanda
S095,gfqaglP6q,(057)995-2777,Nicholaus.Schaden@brandi.us,Narciso Moore,San Marino
S096,ewI8baqY6,(008)178-5997,Hazel@ada.name,Keshaun Glover,Saint Martin
S097,dYMFS5b2,(212)927-0166,Adella_Runte@viva.info,Kaylin Green,Barbados
S098,qTfaAUor,(403)304-0561,Zackery.Mosciski@jordy.net,Ms. Brent Graham,Grenada
S099,UWfSBZg,1-358-741-7807 x7651,Oren.Lueilwitz@trinity.biz,Viviane Hyatt,Germany
S100,qqlb9OlE,1-533-422-2861,Chelsie.Bosco@hanna.net,Ms. Freeman Hodkiewicz,Jordan
